sales_employee_id,sales_employee_name,education_level,marital_status,years_experience
EMP0001,Trần Anh Phúc,Đại học,Đã kết hôn,9
EMP0002,Phạm Văn Mai,Đại học,Đã kết hôn,20
EMP0003,Vũ Thị Trang,Sau đại học,Độc thân,10
EMP0004,Đỗ Thanh Lan,Cao đẳng,Đã kết hôn,17
EMP0005,Trần Gia Uyên,Đại học,Đã kết hôn,2
EMP0006,Lê Anh Quân,Sau đại học,Đã kết hôn,8
EMP0007,Bùi Anh Sơn,Trung cấp,Đã kết hôn,4
EMP0008,Võ Thị Quân,Sau đại học,Đã kết hôn,14
EMP0009,Phan Minh Vy,Cao đẳng,Đã kết hôn,8
EMP0010,Phan Thị Phúc,Đại học,Độc thân,10
EMP0011,Dương Quốc Dũng,Cao đẳng,Đã kết hôn,17
EMP0012,Đỗ Ngọc Lan,Cao đẳng,Độc thân,17
EMP0013,Phạm Thanh Oanh,Trung cấp,Độc thân,3
EMP0014,Đỗ Anh Sơn,Đại học,Đã kết hôn,14
EMP0015,Võ Quốc Mai,Trung cấp,Độc thân,12
EMP0016,Phan Thanh Phúc,Đại học,Đã kết hôn,10
EMP0017,Võ Thanh Nam,Cao đẳng,Đã kết hôn,12
EMP0018,Đặng Văn Hùng,Đại học,Độc thân,9
EMP0019,Dương Ngọc An,Cao đẳng,Độc thân,5
EMP0020,Ngô Hữu Lan,Đại học,Đã kết hôn,14
EMP0021,Dương Thanh Lan,Cao đẳng,Đã kết hôn,9
EMP0022,Huỳnh Văn Cường,Đại học,Đã kết hôn,2
EMP0023,Bùi Thị Vy,Đại học,Độc thân,11
EMP0024,Vũ Quốc Dũng,Đại học,Độc thân,8
EMP0025,Đặng Minh Yến,Sau đại học,Độc thân,2
EMP0026,Huỳnh Đức Linh,Sau đại học,Độc thân,14
EMP0027,Phạm Anh Hà,Cao đẳng,Đã kết hôn,15
EMP0028,Trần Văn Lan,Cao đẳng,Đã kết hôn,19
EMP0029,Bùi Minh Trang,Sau đại học,Độc thân,12
EMP0030,Nguyễn Anh Linh,Đại học,Đã kết hôn,15
EMP0031,Lê Gia Bình,Đại học,Độc thân,13
EMP0032,Đỗ Văn Dũng,Trung cấp,Độc thân,10
EMP0033,Bùi Thị Dũng,Sau đại học,Độc thân,12
EMP0034,Dương Gia Lan,Trung cấp,Đã kết hôn,7
EMP0035,Lê Đức Lan,Trung cấp,Đã kết hôn,10
EMP0036,Hoàng Quốc Phúc,Đại học,Đã kết hôn,10
EMP0037,Võ Quốc Trang,Đại học,Độc thân,6
EMP0038,Hồ Quốc Hà,Sau đại học,Đã kết hôn,1
EMP0039,Võ Thị Hùng,Đại học,Độc thân,12
EMP0040,Trần Hữu Giang,Đại học,Đã kết hôn,14
EMP0041,Hoàng Thị Oanh,Trung cấp,Độc thân,19
EMP0042,Lê Gia Mai,Đại học,Đã kết hôn,8
EMP0043,Dương Minh Giang,Đại học,Độc thân,20
EMP0044,Ngô Hữu Yến,Trung cấp,Độc thân,19
EMP0045,Hoàng Quốc Yến,Đại học,Đã kết hôn,20
EMP0046,Hồ Ngọc Giang,Cao đẳng,Đã kết hôn,18
EMP0047,Nguyễn Anh Hùng,Trung cấp,Độc thân,14
EMP0048,Đỗ Anh Khánh,Cao đẳng,Đã kết hôn,6
EMP0049,Nguyễn Thị Bình,Cao đẳng,Độc thân,17
EMP0050,Huỳnh Gia Quân,Cao đẳng,Độc thân,18
EMP0051,Dương Anh Hùng,Trung cấp,Đã kết hôn,20
EMP0052,Dương Văn Dũng,Đại học,Độc thân,5
EMP0053,Dương Thị Hà,Đại học,Đã kết hôn,11
EMP0054,Phan Thị Uyên,Đại học,Đã kết hôn,17
EMP0055,Hồ Thị Lan,Đại học,Đã kết hôn,3
EMP0056,Dương Minh Cường,Sau đại học,Đã kết hôn,10
EMP0057,Vũ Hữu Yến,Đại học,Độc thân,19
EMP0058,Lê Thanh Trang,Đại học,Độc thân,3
EMP0059,Nguyễn Đức Dũng,Đại học,Đã kết hôn,12
EMP0060,Phan Quốc Oanh,Trung cấp,Độc thân,16
EMP0061,Hoàng Ngọc Hà,Đại học,Độc thân,16
EMP0062,Đỗ Thanh Vy,Đại học,Đã kết hôn,18
EMP0063,Trần Minh Vy,Sau đại học,Đã kết hôn,9
EMP0064,Hoàng Quốc Mai,Đại học,Độc thân,5
EMP0065,Hồ Ngọc Yến,Đại học,Độc thân,3
EMP0066,Huỳnh Thị Dũng,Trung cấp,Độc thân,17
EMP0067,Ngô Đức Nam,Cao đẳng,Độc thân,4
EMP0068,Phan Thị Mai,Cao đẳng,Độc thân,1
EMP0069,Hồ Văn Lan,Đại học,Đã kết hôn,12
EMP0070,Hồ Minh Yến,Sau đại học,Đã kết hôn,11
EMP0071,Võ Văn Linh,Cao đẳng,Độc thân,4
EMP0072,Đặng Gia Vy,Đại học,Độc thân,9
EMP0073,Ngô Gia Uyên,Trung cấp,Đã kết hôn,3
EMP0074,Phan Đức Phúc,Sau đại học,Đã kết hôn,2
EMP0075,Phạm Đức Hùng,Đại học,Đã kết hôn,17
EMP0076,Đặng Anh Quân,Đại học,Đã kết hôn,3
EMP0077,Dương Ngọc Trang,Đại học,Độc thân,10
EMP0078,Phạm Hữu Bình,Đại học,Đã kết hôn,3
EMP0079,Đặng Hữu Hùng,Cao đẳng,Độc thân,8
EMP0080,Phan Minh Dũng,Sau đại học,Độc thân,14
EMP0081,Bùi Đức Uyên,Đại học,Độc thân,10
EMP0082,Dương Ngọc Linh,Đại học,Đã kết hôn,14
EMP0083,Đỗ Thanh Bình,Cao đẳng,Đã kết hôn,6
EMP0084,Võ Thanh Mai,Đại học,Độc thân,18
EMP0085,Đặng Văn Oanh,Sau đại học,Độc thân,15
EMP0086,Bùi Thị Yến,Đại học,Đã kết hôn,20
EMP0087,Phan Anh Yến,Cao đẳng,Đã kết hôn,16
EMP0088,Bùi Gia Bình,Cao đẳng,Đã kết hôn,2
EMP0089,Trần Gia An,Đại học,Đã kết hôn,12
EMP0090,Bùi Anh Vy,Đại học,Đã kết hôn,16
EMP0091,Lê Đức Trang,Trung cấp,Độc thân,3
EMP0092,Vũ Thanh Quân,Đại học,Đã kết hôn,9
EMP0093,Bùi Minh Quân,Cao đẳng,Đã kết hôn,18
EMP0094,Đỗ Minh Mai,Trung cấp,Độc thân,7
EMP0095,Trần Đức Nam,Đại học,Độc thân,9
EMP0096,Lê Gia Vy,Đại học,Đã kết hôn,19
EMP0097,Lê Minh Phúc,Sau đại học,Đã kết hôn,20
EMP0098,Phan Thị Hà,Trung cấp,Đã kết hôn,18
EMP0099,Vũ Gia An,Đại học,Độc thân,14
EMP0100,Bùi Ngọc Lan,Đại học,Đã kết hôn,6
EMP0101,Nguyễn Minh Mai,Trung cấp,Đã kết hôn,19
EMP0102,Huỳnh Đức An,Đại học,Độc thân,18
EMP0103,Nguyễn Thị Phúc,Đại học,Đã kết hôn,20
EMP0104,Đặng Văn Phúc,Cao đẳng,Độc thân,18
EMP0105,Phan Thị Uyên,Sau đại học,Độc thân,16
EMP0106,Hoàng Thanh Vy,Trung cấp,Độc thân,1
EMP0107,Hồ Thanh Yến,Đại học,Độc thân,17
EMP0108,Phạm Văn Phúc,Đại học,Đã kết hôn,17
EMP0109,Hồ Thanh Trang,Cao đẳng,Độc thân,17
EMP0110,Trần Thị Phúc,Đại học,Đã kết hôn,11
EMP0111,Trần Ngọc Lan,Cao đẳng,Đã kết hôn,4
EMP0112,Nguyễn Hữu Bình,Đại học,Đã kết hôn,15
EMP0113,Vũ Văn Bình,Sau đại học,Độc thân,13
EMP0114,Phan Anh Lan,Cao đẳng,Độc thân,4
EMP0115,Huỳnh Đức Nam,Đại học,Đã kết hôn,10
EMP0116,Ngô Gia Lan,Cao đẳng,Đã kết hôn,3
EMP0117,Phan Gia Mai,Sau đại học,Đã kết hôn,14
EMP0118,Lê Thị Linh,Đại học,Đã kết hôn,11
EMP0119,Trần Thị Yến,Cao đẳng,Độc thân,3
EMP0120,Đặng Quốc Sơn,Đại học,Đã kết hôn,13
EMP0121,Lê Quốc Trang,Cao đẳng,Đã kết hôn,5
EMP0122,Ngô Văn Hà,Cao đẳng,Đã kết hôn,9
EMP0123,Trần Gia Khánh,Đại học,Đã kết hôn,12
EMP0124,Võ Thanh Oanh,Đại học,Đã kết hôn,7
EMP0125,Lê Quốc Mai,Đại học,Độc thân,13
EMP0126,Hồ Anh Nam,Đại học,Đã kết hôn,18
EMP0127,Đỗ Gia Hà,Đại học,Độc thân,16
EMP0128,Huỳnh Quốc An,Đại học,Độc thân,3
EMP0129,Hồ Văn Bình,Cao đẳng,Độc thân,6
EMP0130,Bùi Minh Bình,Đại học,Độc thân,15
EMP0131,Bùi Ngọc Lan,Đại học,Độc thân,8
EMP0132,Bùi Thị Mai,Sau đại học,Đã kết hôn,8
EMP0133,Phan Anh Lan,Đại học,Đã kết hôn,7
EMP0134,Đỗ Minh Vy,Cao đẳng,Độc thân,13
EMP0135,Đỗ Gia Linh,Đại học,Độc thân,4
EMP0136,Ngô Đức Yến,Sau đại học,Đã kết hôn,12
EMP0137,Đặng Thị Mai,Trung cấp,Độc thân,9
EMP0138,Hồ Anh An,Cao đẳng,Đã kết hôn,9
EMP0139,Hoàng Thị Giang,Cao đẳng,Độc thân,19
EMP0140,Lê Hữu Dũng,Đại học,Đã kết hôn,10
EMP0141,Nguyễn Văn Hà,Đại học,Đã kết hôn,5
EMP0142,Võ Thanh Lan,Trung cấp,Đã kết hôn,14
EMP0143,Bùi Minh Quân,Đại học,Độc thân,11
EMP0144,Hoàng Quốc Mai,Đại học,Đã kết hôn,16
EMP0145,Phan Đức Hùng,Cao đẳng,Đã kết hôn,12
EMP0146,Võ Quốc Trang,Đại học,Độc thân,11
EMP0147,Dương Đức Oanh,Cao đẳng,Độc thân,13
EMP0148,Hoàng Thị Hà,Đại học,Đã kết hôn,1
EMP0149,Phan Minh Cường,Cao đẳng,Độc thân,12
EMP0150,Lê Anh Mai,Đại học,Đã kết hôn,13
EMP0151,Ngô Quốc Yến,Đại học,Đã kết hôn,16
EMP0152,Hoàng Đức Oanh,Trung cấp,Đã kết hôn,16
EMP0153,Vũ Anh Trang,Đại học,Đã kết hôn,9
EMP0154,Phan Đức Cường,Đại học,Độc thân,20
EMP0155,Dương Anh Oanh,Trung cấp,Độc thân,7
EMP0156,Vũ Anh Yến,Đại học,Đã kết hôn,10
EMP0157,Hoàng Đức Giang,Trung cấp,Đã kết hôn,9
EMP0158,Phạm Gia Mai,Đại học,Đã kết hôn,17
EMP0159,Phạm Văn Bình,Trung cấp,Độc thân,8
EMP0160,Ngô Thanh Sơn,Sau đại học,Đã kết hôn,15
EMP0161,Đỗ Anh Khánh,Cao đẳng,Độc thân,17
EMP0162,Trần Thanh Giang,Đại học,Độc thân,18
EMP0163,Phạm Thanh Mai,Sau đại học,Đã kết hôn,1
EMP0164,Đặng Thanh Hà,Cao đẳng,Đã kết hôn,5
EMP0165,Đỗ Ngọc Vy,Đại học,Đã kết hôn,6
EMP0166,Trần Hữu Mai,Trung cấp,Độc thân,18
EMP0167,Bùi Minh Lan,Sau đại học,Đã kết hôn,15
EMP0168,Đặng Hữu Sơn,Đại học,Độc thân,9
EMP0169,Lê Đức Uyên,Đại học,Đã kết hôn,15
EMP0170,Vũ Đức Giang,Đại học,Độc thân,10
EMP0171,Trần Văn Khánh,Đại học,Độc thân,5
EMP0172,Dương Thanh Uyên,Sau đại học,Đã kết hôn,7
EMP0173,Dương Anh Mai,Sau đại học,Độc thân,11
EMP0174,Huỳnh Hữu Nam,Đại học,Đã kết hôn,7
EMP0175,Dương Anh Giang,Cao đẳng,Đã kết hôn,12
EMP0176,Hồ Hữu Hà,Sau đại học,Độc thân,7
EMP0177,Nguyễn Hữu Bình,Đại học,Đã kết hôn,12
EMP0178,Đặng Quốc Uyên,Đại học,Đã kết hôn,10
EMP0179,Phạm Ngọc Phúc,Cao đẳng,Đã kết hôn,19
EMP0180,Lê Gia Hùng,Sau đại học,Đã kết hôn,3
EMP0181,Đỗ Gia Vy,Sau đại học,Độc thân,9
EMP0182,Đỗ Thị Hà,Trung cấp,Độc thân,1
EMP0183,Dương Quốc Hà,Trung cấp,Độc thân,11
EMP0184,Hồ Thị Oanh,Đại học,Độc thân,8
EMP0185,Phan Hữu Yến,Đại học,Độc thân,7
EMP0186,Lê Văn Hà,Trung cấp,Đã kết hôn,3
EMP0187,Trần Gia Hà,Đại học,Độc thân,10
EMP0188,Võ Anh Linh,Cao đẳng,Độc thân,17
EMP0189,Võ Hữu Vy,Cao đẳng,Đã kết hôn,10
EMP0190,Đỗ Minh Giang,Đại học,Độc thân,19
EMP0191,Hồ Anh Dũng,Trung cấp,Độc thân,4
EMP0192,Nguyễn Đức Bình,Trung cấp,Độc thân,1
EMP0193,Lê Thị Quân,Đại học,Độc thân,13
EMP0194,Phạm Gia Phúc,Sau đại học,Độc thân,17
EMP0195,Vũ Thanh Linh,Sau đại học,Đã kết hôn,4
EMP0196,Hoàng Hữu Giang,Đại học,Đã kết hôn,19
EMP0197,Ngô Đức Bình,Cao đẳng,Đã kết hôn,8
EMP0198,Võ Anh Cường,Đại học,Độc thân,13
EMP0199,Đặng Minh Trang,Cao đẳng,Độc thân,2
EMP0200,Huỳnh Văn Quân,Đại học,Đã kết hôn,4
